transaction_id,timestamp,customer_id,stock_ticker,transaction_type,quantity,average_trade_size,customer_account_type,day_name,is_weekend,is_holiday,stock_liquidity_tier,stock_sector,stock_industry,stock_price,total_trade_amount
6253,2024-03-14,1006,STK006,BUY,477,5.820082930352362,Retail,Thursday,False,False,High,Energy,Oil & Gas,71.65242981011856,34178.209019426555
4685,2023-12-04,4955,STK006,SELL,137,5.336527954311789,Retail,Monday,False,False,High,Energy,Oil & Gas,94.43958142789144,12938.222655621128
1732,2023-05-04,696,STK012,BUY,155,5.043425116919247,Retail,Thursday,False,False,High,Technology,Hardware,20.69213814906549,3207.281413105151
4743,2023-12-06,4955,STK013,SELL,12,5.339459309879212,Retail,Wednesday,False,False,Mid,Energy,Utilities,128.35260245942936,1540.2312295131524
4522,2023-11-22,1816,STK018,SELL,91,5.153984995658116,Retail,Wednesday,False,False,Mid,Technology,Software,232.5033292857061,21157.802964999253
6341,2024-03-20,1899,STK009,BUY,1509,7.319202458767849,Retail,Wednesday,False,False,High,Technology,Hardware,453.0888018696642,683711.0020213233
577,2023-02-08,3588,STK005,BUY,106,5.133029902309862,Retail,Wednesday,False,False,Low,Energy,Renewables,188.04131337039905,19932.3792172623
5203,2024-01-03,1513,STK010,SELL,372,5.1891161515042725,Retail,Wednesday,False,False,High,Consumer,Retail,169.25554709012007,62963.06351752466
6364,2024-03-21,3588,STK019,BUY,79,5.185204657916392,Retail,Thursday,False,False,Mid,Energy,Oil & Gas,51.01282731782194,4030.013358107933
440,2023-01-30,182,STK009,BUY,19,5.906886570632684,Retail,Monday,False,True,High,Technology,Hardware,377.4543883637391,7171.633378911043
2751,2023-07-20,3588,STK012,BUY,514,5.106672482293198,Retail,Thursday,False,False,High,Technology,Hardware,17.408084947597036,8947.755663064876
7488,2024-06-11,4747,STK007,SELL,13,5.309603438565004,Retail,Tuesday,False,False,Mid,Energy,Oil & Gas,127.73111023729344,1660.5044330848148
5273,2024-01-08,845,STK006,BUY,689,5.219652875364354,Retail,Monday,False,False,High,Energy,Oil & Gas,126.1116831165163,86890.94966727974
5654,2024-01-31,4955,STK001,SELL,52,5.351952915713946,Retail,Wednesday,False,False,Low,Energy,Utilities,4.129180032642896,214.7173616974306
4000,2023-10-18,979,STK013,BUY,146,4.983606621708336,Institutional,Wednesday,False,False,Mid,Energy,Utilities,127.33323715453704,18590.652624562408
6034,2024-02-28,4519,STK006,SELL,128,5.319246809729067,Institutional,Wednesday,False,False,High,Energy,Oil & Gas,86.79467454235154,11109.718341420998
583,2023-02-08,4747,STK006,BUY,87,5.015689168398935,Retail,Wednesday,False,False,High,Energy,Oil & Gas,132.03471825831284,11487.020488473216
9931,2024-12-03,3938,STK006,BUY,59,5.358094570583897,Retail,Tuesday,False,False,High,Energy,Oil & Gas,50.32476101917984,2969.1609001316106
7052,2024-05-10,3322,STK008,BUY,249,5.410976184686975,Retail,Friday,False,False,High,Energy,Oil & Gas,139.77321738473435,34803.53112879885
8159,2024-07-31,3623,STK018,SELL,12,5.266620279804782,Institutional,Wednesday,False,False,Mid,Technology,Software,105.22731911576103,1262.7278293891325
9897,2024-11-29,1956,STK013,BUY,55,4.777693900301935,Retail,Friday,False,False,Mid,Energy,Utilities,96.8743139459276,5328.087267026018
2250,2023-06-12,1513,STK017,BUY,81,5.372496764722288,Retail,Monday,False,False,Mid,Healthcare,Pharmaceuticals,141.79693071461153,11485.551387883534
4641,2023-11-30,2475,STK006,BUY,91,4.51085950651685,Retail,Thursday,False,False,High,Energy,Oil & Gas,88.60283884123474,8062.858334552361
9486,2024-10-31,3938,STK019,SELL,95,5.347631203100958,Retail,Thursday,False,False,Mid,Energy,Oil & Gas,39.64997175899531,3766.747317104554
4948,2023-12-19,3779,STK006,BUY,124,4.820281565605037,Institutional,Tuesday,False,False,High,Energy,Oil & Gas,96.80866955009398,12004.275024211654
9921,2024-12-02,594,STK010,BUY,265,5.671603576291966,Retail,Monday,False,False,High,Consumer,Retail,358.9875827091711,95131.70941793034
1964,2023-05-23,4747,STK009,SELL,128,5.271357184965254,Retail,Tuesday,False,False,High,Technology,Hardware,320.13412925114653,40977.16854414676
8244,2024-08-06,3339,STK013,SELL,69,5.518055124727414,Retail,Tuesday,False,False,Mid,Energy,Utilities,115.00296716627746,7935.204734473144
6591,2024-04-05,4747,STK020,SELL,37,5.311776386232193,Retail,Friday,False,False,Mid,Energy,Oil & Gas,48.14432639978804,1781.3400767921576
8848,2024-09-18,1903,STK009,BUY,236,5.079850363117729,Retail,Wednesday,False,False,High,Technology,Hardware,459.8613243059508,108527.2725362044
322,2023-01-20,193,STK013,BUY,20,5.112349168833885,Retail,Friday,False,False,Mid,Energy,Utilities,165.4054547011188,3308.109094022376
2679,2023-07-14,1513,STK006,BUY,44,5.346154695962197,Retail,Friday,False,False,High,Energy,Oil & Gas,96.20514567876684,4233.026409865741
4626,2023-11-29,4747,STK009,SELL,77,5.304846008510737,Retail,Wednesday,False,False,High,Technology,Hardware,368.50351753493055,28374.77085018965
4950,2023-12-19,182,STK009,SELL,209,5.696220622448911,Retail,Tuesday,False,False,High,Technology,Hardware,371.2134748493913,77583.61624352277
8329,2024-08-13,1771,STK006,BUY,41,5.715381610499553,Retail,Tuesday,False,False,High,Energy,Oil & Gas,44.649730409731866,1830.6389467990064
3338,2023-08-30,1157,STK013,SELL,247,5.078854533073399,Retail,Wednesday,False,False,Mid,Energy,Utilities,131.74623842402875,32541.3208907351
5590,2024-01-25,845,STK018,BUY,19,5.201696327943611,Retail,Thursday,False,False,Mid,Technology,Software,179.8133491826209,3416.453634469797
252,2023-01-17,4747,STK018,SELL,26,5.248496671564081,Retail,Tuesday,False,False,Mid,Technology,Software,106.87282700632382,2778.6935021644194
3974,2023-10-17,4023,STK004,BUY,177,5.311727053457954,Retail,Tuesday,False,False,Low,Finance,Asset Management,66.63967398039122,11795.222294529249
6631,2024-04-10,1494,STK006,BUY,287,5.688296517120754,Retail,Wednesday,False,False,High,Energy,Oil & Gas,59.71832679363459,17139.159789773126
5548,2024-01-24,1870,STK008,BUY,48,3.9560398908449206,Retail,Wednesday,False,False,High,Energy,Oil & Gas,149.57179051048882,7179.445944503464
36,2023-01-03,4747,STK013,BUY,74,5.357953264443911,Retail,Tuesday,False,False,Mid,Energy,Utilities,157.96263594264707,11689.235059755883
8363,2024-08-15,3339,STK012,SELL,102,5.488110938180692,Retail,Thursday,False,False,High,Technology,Hardware,8.862304168854372,903.955025223146
1514,2023-04-18,4955,STK010,BUY,190,5.399609618029909,Retail,Tuesday,False,False,High,Consumer,Retail,137.0630651482724,26041.982378171757
9318,2024-10-21,1797,STK006,BUY,142,4.647463098178343,Retail,Monday,False,False,High,Energy,Oil & Gas,46.13474377083418,6551.133615458453
40,2023-01-03,98,STK020,BUY,29,3.367295829986474,Retail,Tuesday,False,False,Mid,Energy,Oil & Gas,58.30799966421868,1690.9319902623415
4820,2023-12-11,227,STK018,BUY,60,5.348059458442851,Retail,Monday,False,False,Mid,Technology,Software,221.48295115049496,13288.977069029695
3466,2023-09-08,1157,STK003,BUY,46,5.069972813441763,Retail,Friday,False,False,Low,Technology,Software,16.762794293998887,771.0885375239488
1761,2023-05-08,1513,STK009,SELL,42,5.456730378290316,Retail,Monday,False,False,High,Technology,Hardware,317.5974383446467,13339.092410475165
2305,2023-06-15,1513,STK006,SELL,637,5.367983344781139,Retail,Thursday,False,False,High,Energy,Oil & Gas,117.54801686937289,74878.08674579053
3724,2023-09-27,4747,STK006,BUY,1018,5.324180026073764,Retail,Wednesday,False,False,High,Energy,Oil & Gas,117.49517997715508,119610.09321674387
8285,2024-08-08,280,STK012,BUY,282,5.530579219506774,Institutional,Thursday,False,False,High,Technology,Hardware,8.989066948756355,2534.916879549292
4994,2023-12-21,4747,STK006,SELL,80,5.332525537877774,Retail,Thursday,False,False,High,Energy,Oil & Gas,94.17780933855906,7534.224747084725
8128,2024-07-29,1903,STK006,BUY,386,5.010635294096256,Retail,Monday,False,True,High,Energy,Oil & Gas,48.1982487339256,18604.52401129528
3033,2023-08-09,1797,STK011,BUY,59,4.841901010810817,Retail,Wednesday,False,False,Mid,Finance,Asset Management,80.19051898330342,4731.240620014902
7939,2024-07-12,2741,STK017,BUY,558,5.870708345972182,Retail,Friday,False,False,Mid,Healthcare,Pharmaceuticals,153.02839262051984,85389.84308225007
3040,2023-08-10,3129,STK006,SELL,535,6.282266746896006,Institutional,Thursday,False,False,High,Energy,Oil & Gas,101.6346510578804,54374.53831596602
9656,2024-11-14,2317,STK013,SELL,48,4.047427642434349,Institutional,Thursday,False,False,Mid,Energy,Utilities,94.6550533493447,4543.442560768545
2546,2023-07-04,3087,STK018,SELL,127,4.730921391293652,Retail,Tuesday,False,False,Mid,Technology,Software,164.32849576562177,20869.718962233965
2593,2023-07-07,3032,STK009,BUY,1104,7.00669522683704,Retail,Friday,False,False,High,Technology,Hardware,350.1078132751387,386519.0258557532
1189,2023-03-27,4747,STK006,BUY,1147,5.326418796658912,Retail,Monday,False,False,High,Energy,Oil & Gas,132.0278016666596,151435.88851165856
7967,2024-07-16,3588,STK010,BUY,197,5.226552800318726,Retail,Tuesday,False,False,High,Consumer,Retail,206.07789758336088,40597.34582392209
6078,2024-03-01,3961,STK013,BUY,263,5.895091302450393,Retail,Friday,False,False,Mid,Energy,Utilities,119.15828422509556,31338.628751200133
108,2023-01-06,4747,STK013,SELL,117,5.22778760035751,Retail,Friday,False,False,Mid,Energy,Utilities,159.6197714568813,18675.51326045511
1316,2023-04-04,4955,STK020,BUY,85,5.382934212267916,Retail,Tuesday,False,False,Mid,Energy,Oil & Gas,69.25731287374525,5886.871594268347
8188,2024-08-02,4046,STK006,BUY,139,4.934473933130692,Retail,Friday,False,False,High,Energy,Oil & Gas,45.44699602554687,6317.132447551016
2754,2023-07-20,4987,STK018,BUY,36,3.912023005428146,Retail,Thursday,False,False,Mid,Technology,Software,189.2128918200572,6811.664105522059
9754,2024-11-22,1636,STK006,BUY,130,4.388257184424518,Retail,Friday,False,False,High,Energy,Oil & Gas,50.182207132904594,6523.6869272775975
6232,2024-03-13,1185,STK006,BUY,544,5.69093361378729,Institutional,Wednesday,False,False,High,Energy,Oil & Gas,74.48224065582532,40518.338916768975
2877,2023-07-28,4776,STK006,BUY,156,5.093750200806762,Retail,Friday,False,False,High,Energy,Oil & Gas,96.69925992001905,15085.08454752297
5324,2024-01-10,1647,STK012,BUY,1676,5.640381084517819,Institutional,Wednesday,False,False,High,Technology,Hardware,11.165411555482812,18713.229766989192
800,2023-02-24,4747,STK018,SELL,356,5.12782556150766,Retail,Friday,False,False,Mid,Technology,Software,140.95231898046546,50179.02555704571
3571,2023-09-15,4955,STK009,BUY,119,5.328361487896413,Retail,Friday,False,False,High,Technology,Hardware,331.39724024728497,39436.27158942691
2895,2023-07-28,3405,STK018,BUY,91,4.51085950651685,Retail,Friday,False,False,Mid,Technology,Software,179.82026553909316,16363.644164057478
2928,2023-08-01,4747,STK013,BUY,68,5.244916589820922,Retail,Tuesday,False,False,Mid,Energy,Utilities,144.6483850766969,9836.09018521539
8179,2024-08-01,1157,STK013,BUY,157,5.294911573413204,Retail,Thursday,False,False,Mid,Energy,Utilities,115.24602385622016,18093.625745426565
972,2023-03-09,4747,STK017,BUY,166,5.123904453822123,Retail,Thursday,False,False,Mid,Healthcare,Pharmaceuticals,167.13342159404547,27744.147984611547
6688,2024-04-15,1166,STK006,BUY,1285,6.120846718607718,Retail,Monday,False,False,High,Energy,Oil & Gas,56.89555414754359,73110.78707959352
8576,2024-08-30,1494,STK006,SELL,164,5.5549343779197855,Retail,Friday,False,False,High,Energy,Oil & Gas,44.09640374494969,7231.810214171749
2021,2023-05-26,3588,STK012,BUY,213,5.177053279054998,Retail,Friday,False,False,High,Technology,Hardware,18.13751715729628,3863.291154504108
9055,2024-10-02,4747,STK012,SELL,82,5.311233591814583,Retail,Wednesday,False,False,High,Technology,Hardware,7.559502721238215,619.8792231415337
953,2023-03-08,845,STK018,BUY,27,4.726059503263545,Retail,Wednesday,False,False,Mid,Technology,Software,145.88056565419777,3938.77527266334
5360,2024-01-12,3294,STK018,SELL,46,4.505349850705881,Retail,Friday,False,False,Mid,Technology,Software,211.3054777273265,9720.051975457018
3858,2023-10-06,4,STK008,BUY,417,5.495527535835742,Retail,Friday,False,False,High,Energy,Oil & Gas,126.65864220917784,52816.65380122716
5862,2024-02-14,4747,STK008,BUY,533,5.302060352826871,Retail,Wednesday,False,False,High,Energy,Oil & Gas,132.83070098618248,70798.76362563526
3146,2023-08-17,4955,STK006,BUY,71,5.31335375137415,Retail,Thursday,False,False,High,Energy,Oil & Gas,128.4209124879972,9117.884786647805
3306,2023-08-29,3588,STK006,SELL,63,5.189060380611087,Retail,Tuesday,False,True,High,Energy,Oil & Gas,114.65468380071192,7223.245079444851
3007,2023-08-07,2527,STK019,BUY,372,5.918893854273146,Retail,Monday,False,False,Mid,Energy,Oil & Gas,50.51226971265071,18790.564333106064
9002,2024-09-30,4955,STK009,SELL,33,5.328458523460023,Retail,Monday,False,False,High,Technology,Hardware,452.7261548171421,14939.96310896569
7771,2024-07-02,3075,STK012,BUY,472,5.734958092124651,Retail,Tuesday,False,False,High,Technology,Hardware,9.368655639056245,4422.005461634548
7439,2024-06-06,1185,STK020,BUY,83,5.5984960303291,Institutional,Thursday,False,False,Mid,Energy,Oil & Gas,49.91421382752145,4142.87974768428
7943,2024-07-15,193,STK006,SELL,75,5.528992484277593,Retail,Monday,False,False,High,Energy,Oil & Gas,46.9219401634153,3519.1455122561474
9239,2024-10-15,3676,STK007,BUY,124,5.233778845410465,Retail,Tuesday,False,False,Mid,Energy,Oil & Gas,135.0660847105847,16748.194504112504
1057,2023-03-16,1956,STK009,BUY,62,4.127134385045092,Retail,Thursday,False,False,High,Technology,Hardware,309.7240841307704,19202.893216107765
3155,2023-08-17,3162,STK009,BUY,430,5.638354669333745,Retail,Thursday,False,False,High,Technology,Hardware,360.3490798790773,154950.10434800322
3788,2023-10-02,4747,STK012,SELL,54,5.320812444375408,Retail,Monday,False,False,High,Technology,Hardware,12.051564968515995,650.7845082998638
9190,2024-10-10,193,STK018,BUY,230,5.507929783577895,Retail,Thursday,False,False,Mid,Technology,Software,141.13652102191733,32461.399835040986
7826,2024-07-05,3588,STK006,SELL,281,5.217649463480582,Retail,Friday,False,False,High,Energy,Oil & Gas,46.34075689467444,13021.752687403516
7540,2024-06-14,3588,STK011,BUY,68,5.217812051888386,Retail,Friday,False,False,Mid,Finance,Asset Management,76.52915167185085,5203.982313685858
7232,2024-05-24,4747,STK006,SELL,69,5.310591727423425,Retail,Friday,False,False,High,Energy,Oil & Gas,48.215894171838976,3326.896697856889
765,2023-02-23,3588,STK007,SELL,43,5.211069597983756,Retail,Thursday,False,False,Mid,Energy,Oil & Gas,140.62838841706997,6047.020701934009
5020,2023-12-22,4906,STK008,BUY,62,4.127134385045092,Retail,Friday,False,False,High,Energy,Oil & Gas,159.99714277378223,9919.8228519745
4904,2023-12-15,1513,STK012,BUY,58,5.205708534815374,Retail,Friday,False,False,High,Technology,Hardware,13.037843075724648,756.1948983920296
8094,2024-07-25,4747,STK006,SELL,72,5.304498225623118,Retail,Thursday,False,False,High,Energy,Oil & Gas,42.76957600646271,3079.409472465315
6844,2024-04-25,4747,STK013,BUY,1322,5.3154694253656025,Retail,Thursday,False,False,Mid,Energy,Utilities,127.21349224995664,168176.23675444268
2166,2023-06-06,4747,STK012,SELL,37,5.279949709189852,Retail,Tuesday,False,False,High,Technology,Hardware,21.11686089878514,781.3238532550503
1863,2023-05-16,4955,STK006,BUY,140,5.372868097812333,Retail,Tuesday,False,False,High,Energy,Oil & Gas,124.00438135933344,17360.61339030668
7851,2024-07-08,193,STK018,BUY,99,5.537294896164775,Retail,Monday,False,False,Mid,Technology,Software,107.44490687539005,10637.045780663617
9124,2024-10-07,4955,STK018,BUY,116,5.324228748332538,Retail,Monday,False,False,Mid,Technology,Software,147.10957969055318,17064.711244104168
2341,2023-06-19,4747,STK006,BUY,100,5.266826699456666,Retail,Monday,False,False,High,Energy,Oil & Gas,126.81128709129848,12681.128709129847
5528,2024-01-23,4955,STK012,BUY,60,5.340801978154192,Retail,Tuesday,False,False,High,Technology,Hardware,11.909603351831729,714.5762011099038
6744,2024-04-18,3588,STK012,BUY,319,5.228860101532815,Retail,Thursday,False,False,High,Technology,Hardware,11.869745057731318,3786.4486734162906
4004,2023-10-18,4309,STK018,BUY,51,3.9318256327243257,Institutional,Wednesday,False,False,Mid,Technology,Software,188.0513202685673,9590.617333696931
1124,2023-03-21,4519,STK011,BUY,429,5.55975812779459,Institutional,Tuesday,False,False,Mid,Finance,Asset Management,73.9533112389544,31725.97052151144
8710,2024-09-10,4023,STK012,SELL,30,5.167012065770046,Retail,Tuesday,False,False,High,Technology,Hardware,6.929111523042966,207.873345691289
4050,2023-10-20,3973,STK020,BUY,311,6.107022887742255,Retail,Friday,False,False,Mid,Energy,Oil & Gas,54.77158902845607,17033.964187849837
7641,2024-06-21,193,STK009,BUY,341,5.538121358755354,Retail,Friday,False,False,High,Technology,Hardware,593.7029038536452,202452.69021409305
766,2023-02-23,3588,STK007,SELL,79,5.200097959041577,Retail,Thursday,False,False,Mid,Energy,Oil & Gas,140.62838841706997,11109.642684948529
2345,2023-06-19,1511,STK006,BUY,305,5.720311776607412,Retail,Monday,False,False,High,Energy,Oil & Gas,126.81128709129848,38677.44256284604
4072,2023-10-24,4747,STK012,BUY,390,5.31679558779381,Retail,Tuesday,False,False,High,Technology,Hardware,11.75730936992209,4585.350654269615
7217,2024-05-23,4747,STK009,BUY,81,5.311677718249873,Retail,Thursday,False,False,High,Technology,Hardware,529.1891303443109,42864.31955788918
4217,2023-11-02,4747,STK006,BUY,146,5.31143100569342,Retail,Thursday,False,False,High,Energy,Oil & Gas,89.89145924326947,13124.153049517345
7953,2024-07-15,1180,STK012,SELL,51,5.895779296973574,Retail,Monday,False,False,High,Technology,Hardware,9.634851082836718,491.3774052246727
5971,2024-02-22,1621,STK013,BUY,374,6.325254618509256,Retail,Thursday,False,False,Mid,Energy,Utilities,125.09919277945366,46787.09809951567
3351,2023-08-31,1513,STK009,BUY,219,5.278318720041347,Retail,Thursday,False,False,High,Technology,Hardware,332.53513400456484,72825.1943469997
4696,2023-12-04,2920,STK012,BUY,63,5.158537924019751,Retail,Monday,False,False,High,Technology,Hardware,13.073072478899585,823.6035661706738
3400,2023-09-04,4747,STK017,BUY,88,5.283761948538838,Retail,Monday,False,False,Mid,Healthcare,Pharmaceuticals,127.04893572401944,11180.306343713712
4082,2023-10-24,3588,STK013,BUY,165,5.187218194029317,Retail,Tuesday,False,False,Mid,Energy,Utilities,130.813759429209,21584.27030581949
9150,2024-10-08,637,STK018,SELL,376,5.204171508657807,Retail,Tuesday,False,False,Mid,Technology,Software,145.0067177973812,54522.52589181533
1225,2023-03-29,4519,STK008,BUY,266,5.516448376038702,Institutional,Wednesday,False,False,High,Energy,Oil & Gas,117.183468664402,31170.80266473093
6293,2024-03-15,4747,STK020,SELL,22,5.304001183016334,Retail,Friday,False,False,Mid,Energy,Oil & Gas,50.97965374024393,1121.5523822853663
3123,2023-08-15,4747,STK019,SELL,19,5.245232995455582,Retail,Tuesday,False,False,Mid,Energy,Oil & Gas,48.73632107127268,925.9901003541808
511,2023-02-02,1675,STK012,BUY,74,4.30406509320417,Retail,Thursday,False,False,High,Technology,Hardware,24.90924116935852,1843.2838465325303
5795,2024-02-08,1363,STK013,SELL,113,4.808927023502111,Institutional,Thursday,False,False,Mid,Energy,Utilities,128.8374222361533,14558.628712685322
8182,2024-08-01,3938,STK019,SELL,56,5.334070536253854,Retail,Thursday,False,False,Mid,Energy,Oil & Gas,35.586866615391926,1992.864530461948
9418,2024-10-25,3588,STK011,SELL,190,5.192845733605802,Retail,Friday,False,False,Mid,Finance,Asset Management,74.04924171686324,14069.355926204014
97,2023-01-06,3588,STK006,BUY,23,4.007333185232471,Retail,Friday,False,False,High,Energy,Oil & Gas,125.3567361879294,2883.2049323223764
6682,2024-04-12,3588,STK010,BUY,334,5.21623925551243,Retail,Friday,False,False,High,Consumer,Retail,294.12237485268844,98236.87320079794
1513,2023-04-18,4666,STK010,SELL,36,3.58351893845611,Retail,Tuesday,False,False,High,Consumer,Retail,137.0630651482724,4934.270345337806
8792,2024-09-16,4747,STK006,BUY,101,5.309356213663253,Retail,Monday,False,False,High,Energy,Oil & Gas,45.69477335101958,4615.172108452977
120,2023-01-09,868,STK006,BUY,222,5.402677381872279,Retail,Monday,False,False,High,Energy,Oil & Gas,130.11487969859573,28885.50329308825
7792,2024-07-03,193,STK013,BUY,688,5.540557413553235,Retail,Wednesday,False,False,Mid,Energy,Utilities,111.00318773725373,76370.19316323056
6518,2024-04-02,1731,STK011,BUY,18,5.103518288242969,Retail,Tuesday,False,False,Mid,Finance,Asset Management,77.31190859781357,1391.6143547606443
34,2023-01-03,4955,STK013,BUY,343,5.73763624741271,Retail,Tuesday,False,False,Mid,Energy,Utilities,157.96263594264707,54181.18412832794
7888,2024-07-10,3588,STK012,SELL,74,5.227411953032262,Retail,Wednesday,False,False,High,Technology,Hardware,9.550455173928434,706.7336828707041
6831,2024-04-24,4747,STK009,BUY,398,5.310591727423425,Retail,Wednesday,False,False,High,Technology,Hardware,392.4221636021686,156184.0211136631
5422,2024-01-17,1166,STK006,SELL,125,5.185540528945076,Retail,Wednesday,False,False,High,Energy,Oil & Gas,142.57486982701903,17821.858728377378
1069,2023-03-17,4955,STK006,SELL,160,5.387426541619813,Retail,Friday,False,False,High,Energy,Oil & Gas,147.91924597472536,23667.07935595605
1348,2023-04-06,4023,STK018,BUY,136,5.530737754642455,Retail,Thursday,False,False,Mid,Technology,Software,156.76702207539603,21320.31500225386
4748,2023-12-06,182,STK018,BUY,30,5.712345705316689,Retail,Wednesday,False,False,Mid,Technology,Software,221.21146450381207,6636.3439351143625
6006,2024-02-26,1687,STK012,SELL,168,4.934473933130692,Retail,Monday,False,False,High,Technology,Hardware,10.5317408274918,1769.3324590186226
6040,2024-02-28,167,STK013,BUY,92,4.5217885770490405,Retail,Wednesday,False,False,Mid,Energy,Utilities,124.64686796100544,11467.5118524125
3818,2023-10-04,182,STK006,BUY,146,5.757512797077169,Retail,Wednesday,False,False,High,Energy,Oil & Gas,115.28865821176753,16832.14409891806
8447,2024-08-21,1627,STK009,BUY,62,4.127134385045092,Institutional,Wednesday,False,False,High,Technology,Hardware,377.4543883637391,23402.172078551823
5270,2024-01-08,3588,STK006,BUY,234,5.178463438072558,Retail,Monday,False,False,High,Energy,Oil & Gas,126.1116831165163,29510.133849264814
6898,2024-04-30,845,STK012,BUY,35,5.208884879216484,Retail,Tuesday,False,False,High,Technology,Hardware,11.206695972966736,392.23435905383576
5310,2024-01-10,1094,STK006,BUY,96,5.256401023446745,Retail,Wednesday,False,False,High,Energy,Oil & Gas,126.98008165742507,12190.087839112806
32,2023-01-03,3792,STK012,BUY,266,5.583496308781699,Institutional,Tuesday,False,False,High,Technology,Hardware,12.273065736691828,3264.6354859600265
5675,2024-01-31,2372,STK012,BUY,138,5.330009813280526,Retail,Wednesday,False,False,High,Technology,Hardware,12.973686285390649,1790.3687073839096
4387,2023-11-14,1157,STK006,SELL,160,5.228431239083871,Retail,Tuesday,False,False,High,Energy,Oil & Gas,81.00593305496719,12960.949288794747
30,2023-01-03,2650,STK006,BUY,356,5.87493073085203,Retail,Tuesday,False,False,High,Energy,Oil & Gas,131.08143877163977,46664.99220270376
4203,2023-11-01,3938,STK007,BUY,112,5.320274533900079,Retail,Wednesday,False,False,Mid,Energy,Oil & Gas,142.79116840217864,15992.610861044008
7508,2024-06-12,1200,STK008,BUY,191,5.0238805208462765,Retail,Wednesday,False,False,High,Energy,Oil & Gas,144.9861580369836,27692.356185063865
736,2023-02-21,4747,STK012,BUY,61,4.979419786943335,Retail,Tuesday,False,False,High,Technology,Hardware,25.794801897532786,1573.4829157495
2068,2023-05-30,4747,STK018,BUY,104,5.291997437803217,Retail,Tuesday,False,False,Mid,Technology,Software,185.50796797388105,19292.82866928363
107,2023-01-06,1185,STK012,BUY,84,5.827974558049152,Institutional,Friday,False,False,High,Technology,Hardware,27.283299029964628,2291.7971185170286
9645,2024-11-14,1513,STK006,BUY,49,5.277400118292649,Retail,Thursday,False,False,High,Energy,Oil & Gas,56.472057036479136,2767.130794787477
8895,2024-09-23,4519,STK006,SELL,83,5.364339162090034,Institutional,Monday,False,False,High,Energy,Oil & Gas,44.49849939488546,3693.375449775493
8021,2024-07-19,4955,STK012,BUY,197,5.327536305217257,Retail,Friday,False,False,High,Technology,Hardware,9.078284532046698,1788.4220528131996
2233,2023-06-09,3338,STK019,BUY,299,5.7745515455444085,Retail,Friday,False,False,Mid,Energy,Oil & Gas,45.97413933151209,13746.267660122116
994,2023-03-13,4955,STK007,BUY,416,5.401054443999149,Retail,Monday,False,False,Mid,Energy,Oil & Gas,156.79447918410474,65226.50334058757
9413,2024-10-25,3938,STK009,BUY,34,5.3567749361196055,Retail,Friday,False,False,High,Technology,Hardware,447.1893131929865,15204.43664856154
7059,2024-05-10,4476,STK013,BUY,601,6.398594934535208,Retail,Friday,False,False,Mid,Energy,Utilities,132.5154150900412,79641.76446911476
6790,2024-04-22,653,STK010,SELL,33,5.265587541925118,Retail,Monday,False,False,High,Consumer,Retail,312.20512618222966,10302.769164013578
361,2023-01-24,4980,STK009,BUY,90,4.499809670330265,Retail,Tuesday,False,False,High,Technology,Hardware,210.02353400630204,18902.118060567183
305,2023-01-20,4300,STK006,BUY,349,5.855071922202427,Retail,Friday,False,False,High,Energy,Oil & Gas,135.24050002959046,47198.93451032708
2628,2023-07-11,1513,STK009,SELL,83,5.32768197517794,Retail,Tuesday,False,False,High,Technology,Hardware,347.77749684534416,28865.532238163567
8966,2024-09-26,3588,STK012,SELL,82,5.201751398571705,Retail,Thursday,False,False,High,Technology,Hardware,8.230024481192046,674.8620074577478
4514,2023-11-22,324,STK012,SELL,30,4.727387818712341,Retail,Wednesday,False,False,High,Technology,Hardware,12.891714943668417,386.7514483100525
5911,2024-02-19,4955,STK006,SELL,27,5.346964663369558,Retail,Monday,False,False,High,Energy,Oil & Gas,100.5247503185992,2714.1682586021784
8314,2024-08-12,4023,STK006,SELL,25,5.165585654094079,Retail,Monday,False,False,High,Energy,Oil & Gas,41.778649891110895,1044.4662472777725
3101,2023-08-15,2426,STK005,BUY,167,5.215967833531011,Retail,Tuesday,False,False,Low,Energy,Renewables,65.09422835071345,10870.736134569146
5704,2024-02-01,578,STK020,BUY,221,6.26625133157403,Retail,Thursday,False,False,Mid,Energy,Oil & Gas,52.309762704404136,11560.457557673311
3899,2023-10-10,1157,STK015,BUY,37,5.141195610775824,Retail,Tuesday,False,False,Low,Energy,Utilities,18.79984296358519,695.594189652652
5441,2024-01-17,3777,STK018,BUY,26,3.258096538021482,Retail,Wednesday,False,False,Mid,Technology,Software,190.2429500238506,4946.316700620116
7931,2024-07-12,4747,STK012,SELL,232,5.31049294247817,Retail,Friday,False,False,High,Technology,Hardware,9.78570359961953,2270.2832351117318
622,2023-02-10,417,STK013,BUY,1128,7.028201432058005,Institutional,Friday,False,False,Mid,Energy,Utilities,160.81340539504157,181397.5212856069
7236,2024-05-24,193,STK006,BUY,232,5.5671988095361,Retail,Friday,False,False,High,Energy,Oil & Gas,48.215894171838976,11186.087447866645
2499,2023-06-30,193,STK016,SELL,9,5.36025876808822,Retail,Friday,False,False,Low,Energy,Renewables,61.26362793331315,551.3726513998183
714,2023-02-20,4747,STK012,BUY,144,4.99206390851082,Retail,Monday,False,False,High,Technology,Hardware,25.89222963182127,3728.481066982263
8404,2024-08-19,243,STK012,BUY,80,4.069026754237811,Retail,Monday,False,False,High,Technology,Hardware,8.387404859509502,670.9923887607602
2856,2023-07-27,4023,STK008,SELL,58,5.3981627015177525,Retail,Thursday,False,False,High,Energy,Oil & Gas,124.68613079265464,7231.795585973969
4270,2023-11-06,4522,STK019,BUY,72,4.276666119016055,Retail,Monday,False,False,Mid,Energy,Oil & Gas,32.974766818009414,2374.183210896678
2909,2023-07-31,1797,STK018,BUY,70,5.052416828111211,Retail,Monday,False,False,Mid,Technology,Software,186.02529555207337,13021.770688645136
8081,2024-07-24,4628,STK012,BUY,286,5.607638614103299,Retail,Wednesday,False,False,High,Technology,Hardware,8.689953205194042,2485.326616685496
4517,2023-11-22,2931,STK013,BUY,68,4.219507705176107,Retail,Wednesday,False,False,Mid,Energy,Utilities,128.58935872878828,8744.076393557603
1262,2023-03-31,193,STK010,BUY,383,5.218191322068752,Retail,Friday,False,False,High,Consumer,Retail,163.0238328933055,62438.127998136006
3161,2023-08-17,4700,STK013,BUY,26,5.024801149569155,Institutional,Thursday,False,False,Mid,Energy,Utilities,137.97329576058303,3587.3056897751585
971,2023-03-09,2461,STK013,BUY,103,4.48863636973214,Retail,Thursday,False,False,Mid,Energy,Utilities,161.67341972044832,16652.362231206178
3913,2023-10-11,4747,STK017,BUY,10,5.326078437333427,Retail,Wednesday,False,False,Mid,Healthcare,Pharmaceuticals,131.5398342489514,1315.398342489514
5199,2024-01-03,193,STK009,BUY,268,5.558872302860393,Retail,Wednesday,False,False,High,Technology,Hardware,407.9952839543902,109342.73609977656
8847,2024-09-18,1157,STK009,SELL,574,5.283305246427533,Retail,Wednesday,False,False,High,Technology,Hardware,459.8613243059508,263960.4001516158
260,2023-01-18,4023,STK007,BUY,242,5.091293197113711,Retail,Wednesday,False,False,Mid,Energy,Oil & Gas,179.85152075438327,43524.06802256075
3791,2023-10-02,1513,STK018,BUY,95,5.217324207338505,Retail,Monday,False,False,Mid,Technology,Software,156.21822756749364,14840.731618911896
9203,2024-10-11,4747,STK010,BUY,269,5.319687392284229,Retail,Friday,False,False,High,Consumer,Retail,327.0500877046507,87976.47359255105
488,2023-02-01,4747,STK013,SELL,214,5.068086257731932,Retail,Wednesday,False,False,Mid,Energy,Utilities,166.34506375341977,35597.84364323183
7908,2024-07-11,4747,STK013,BUY,112,5.30752484729895,Retail,Thursday,False,False,Mid,Energy,Utilities,113.46049448737664,12707.575382586185
519,2023-02-03,4955,STK009,BUY,115,5.150860897080162,Retail,Friday,False,False,High,Technology,Hardware,267.7205277374235,30787.8606898037
8343,2024-08-13,653,STK019,SELL,134,5.220355825078324,Retail,Tuesday,False,False,Mid,Energy,Oil & Gas,33.419649397383466,4478.233019249385
312,2023-01-20,182,STK009,BUY,474,6.224954390476336,Retail,Friday,False,False,High,Technology,Hardware,222.71764410264737,105568.16330465484
3232,2023-08-23,3588,STK012,BUY,451,5.188055972290499,Retail,Wednesday,False,False,High,Technology,Hardware,14.382956297138156,6486.713290009308
7933,2024-07-12,4747,STK012,SELL,269,5.310690502611178,Retail,Friday,False,False,High,Technology,Hardware,9.78570359961953,2632.3542682976536
7458,2024-06-07,4747,STK017,SELL,72,5.312170960836572,Retail,Friday,False,False,Mid,Healthcare,Pharmaceuticals,146.20795624599356,10526.972849711536
9784,2024-11-25,4955,STK009,BUY,411,5.337922621140396,Retail,Monday,False,False,High,Technology,Hardware,491.3163962878421,201931.0388743031
5184,2024-01-02,4747,STK012,BUY,1375,5.329622216376449,Retail,Tuesday,False,False,High,Technology,Hardware,10.45885616361415,14380.927224969457
8077,2024-07-24,182,STK006,BUY,229,5.567695438201781,Retail,Wednesday,False,False,High,Energy,Oil & Gas,41.86413342143192,9586.886553507911
6502,2024-04-01,4955,STK012,SELL,147,5.326516020906715,Retail,Monday,False,False,High,Technology,Hardware,14.576824417694723,2142.7931894011244
6791,2024-04-22,3938,STK012,BUY,681,5.327002000407946,Retail,Monday,False,False,High,Technology,Hardware,12.446012673621809,8475.734630736451
7773,2024-07-02,4354,STK012,SELL,118,4.914197812459251,Retail,Tuesday,False,False,High,Technology,Hardware,9.368655639056245,1105.501365408637
2738,2023-07-19,2372,STK013,BUY,102,4.8346933442663405,Retail,Wednesday,False,False,Mid,Energy,Utilities,146.14976200999854,14907.275725019852
7842,2024-07-08,193,STK008,SELL,347,5.539182950849863,Retail,Monday,False,False,High,Energy,Oil & Gas,143.95250852572585,49951.52045842687
6262,2024-03-14,4747,STK012,SELL,142,5.304945352838257,Retail,Thursday,False,False,High,Technology,Hardware,12.474317307231106,1771.353057626817
8206,2024-08-02,1759,STK015,BUY,23,4.59511985013459,Retail,Friday,False,False,Low,Energy,Utilities,17.824890229546618,409.9724752795722
1248,2023-03-30,1513,STK009,BUY,189,5.452796563836095,Retail,Thursday,False,False,High,Technology,Hardware,279.5948754887189,52843.43146736788
9336,2024-10-21,1151,STK019,BUY,17,5.138735296723572,Retail,Monday,False,False,Mid,Energy,Oil & Gas,31.95233022146508,543.1896137649063
4195,2023-11-01,4776,STK006,SELL,137,4.894101477840304,Retail,Wednesday,False,False,High,Energy,Oil & Gas,87.52554365805378,11990.999481153369
8001,2024-07-18,3938,STK006,SELL,166,5.328749573668238,Retail,Thursday,False,False,High,Energy,Oil & Gas,41.433580822310944,6877.974416503616
7378,2024-06-04,2871,STK012,BUY,240,5.142131283358708,Retail,Tuesday,False,False,High,Technology,Hardware,9.931865833452308,2383.647800028554
3435,2023-09-06,916,STK013,BUY,124,4.820281565605037,Institutional,Wednesday,False,False,Mid,Energy,Utilities,133.4165621478332,16543.653706331315
5382,2024-01-15,993,STK012,BUY,67,4.204692619390966,Retail,Monday,False,False,High,Technology,Hardware,11.106768664845056,744.1535005446187
959,2023-03-09,3588,STK006,BUY,146,5.159916996812011,Retail,Thursday,False,False,High,Energy,Oil & Gas,141.03220730194897,20590.70226608455
417,2023-01-26,2321,STK020,BUY,37,3.610917912644224,Retail,Thursday,False,False,Mid,Energy,Oil & Gas,91.0808414071822,3369.9911320657416
5742,2024-02-05,4955,STK018,BUY,15,5.355217413680848,Retail,Monday,False,False,Mid,Technology,Software,158.02529451183932,2370.37941767759
6728,2024-04-17,4747,STK009,BUY,273,5.3127625309795325,Retail,Wednesday,False,False,High,Technology,Hardware,384.2122509242554,104889.94450232173
4382,2023-11-14,4747,STK002,BUY,127,5.2999160879117335,Retail,Tuesday,False,False,Low,Consumer,Retail,222.88117606733545,28305.909360551603
5197,2024-01-03,193,STK006,BUY,93,5.558718166217954,Retail,Wednesday,False,False,High,Energy,Oil & Gas,114.0661815299968,10608.154882289702
1113,2023-03-20,2649,STK018,BUY,87,4.465908118654584,Institutional,Monday,False,False,Mid,Technology,Software,157.9022082229737,13737.492115398712
2689,2023-07-14,4955,STK013,BUY,210,5.32227800399288,Retail,Friday,False,False,Mid,Energy,Utilities,144.11636507538418,30264.43666583068
6473,2024-03-29,2386,STK006,SELL,269,5.594711379601839,Retail,Friday,False,False,High,Energy,Oil & Gas,66.70449056212078,17943.50796121049
8820,2024-09-17,992,STK009,BUY,642,5.808142489980444,Retail,Tuesday,False,False,High,Technology,Hardware,483.42788878817385,310360.70460200764
7808,2024-07-04,845,STK009,BUY,167,5.234951490926217,Retail,Thursday,False,False,High,Technology,Hardware,377.4543883637391,63034.88285674443
3411,2023-09-05,4955,STK012,SELL,151,5.32047017118917,Retail,Tuesday,False,False,High,Technology,Hardware,14.693020976956737,2218.6461675204678
81,2023-01-05,4955,STK012,SELL,49,5.616152724695227,Retail,Thursday,False,False,High,Technology,Hardware,27.706729626787496,1357.6297517125872
4614,2023-11-28,3588,STK018,BUY,29,5.209977835224513,Retail,Tuesday,False,False,Mid,Technology,Software,214.4616818187944,6219.388772745037
1374,2023-04-10,3938,STK003,SELL,50,5.225316473663546,Retail,Monday,False,False,Low,Technology,Software,13.589505231745902,679.4752615872951
1510,2023-04-18,4747,STK009,SELL,86,5.318904000156425,Retail,Tuesday,False,False,High,Technology,Hardware,311.82770825874195,26817.18291025181
6443,2024-03-27,3914,STK013,BUY,72,5.300564839088516,Retail,Wednesday,False,False,Mid,Energy,Utilities,121.7237118172223,8764.107250840005
3071,2023-08-11,4955,STK012,SELL,342,5.326127067187304,Retail,Friday,False,False,High,Technology,Hardware,16.381599471005593,5602.507019083913
3016,2023-08-08,3030,STK013,BUY,165,5.10594547390058,Retail,Tuesday,False,False,Mid,Energy,Utilities,146.02631739846186,24094.34237074621
4823,2023-12-11,1262,STK018,BUY,111,4.709530201312334,Retail,Monday,False,False,Mid,Technology,Software,221.48295115049496,24584.60757770494
7822,2024-07-05,1513,STK005,SELL,6,5.255148871146658,Retail,Friday,False,False,Low,Energy,Renewables,178.5091425978072,1071.0548555868431
93,2023-01-05,4747,STK019,BUY,306,5.25227342804663,Retail,Thursday,False,False,Mid,Energy,Oil & Gas,92.68702380094106,28362.229283087967
9421,2024-10-25,3588,STK013,SELL,200,5.193012404902613,Retail,Friday,False,False,Mid,Energy,Utilities,96.72807718519672,19345.615437039345
6600,2024-04-08,3933,STK009,BUY,1746,7.165107001626084,Retail,Monday,False,True,High,Technology,Hardware,381.1562244865166,665498.7679534579
4443,2023-11-17,193,STK012,BUY,49,5.608078884142697,Retail,Friday,False,False,High,Technology,Hardware,11.971079263335437,586.5828839034364
7602,2024-06-20,182,STK006,SELL,240,5.583082689418416,Retail,Thursday,False,False,High,Energy,Oil & Gas,50.596633342168346,12143.192002120402
3835,2023-10-05,4747,STK002,SELL,24,5.325835252584776,Retail,Thursday,False,False,Low,Consumer,Retail,196.29462701614008,4711.071048387362
9702,2024-11-19,2426,STK008,BUY,343,5.187888472778648,Retail,Tuesday,False,False,High,Energy,Oil & Gas,158.9082025224371,54505.51346519593
4322,2023-11-09,193,STK008,SELL,316,5.613055111023243,Retail,Thursday,False,False,High,Energy,Oil & Gas,136.9003935586637,43260.52436453773
3394,2023-09-04,1816,STK012,BUY,839,5.187609244563615,Retail,Monday,False,False,High,Technology,Hardware,14.30467238147723,12001.620128059396
4752,2023-12-06,4747,STK020,BUY,88,5.332235584751498,Retail,Wednesday,False,False,Mid,Energy,Oil & Gas,51.31101395366119,4515.369227922185
7229,2024-05-23,3588,STK018,BUY,49,5.222785303935599,Retail,Thursday,False,False,Mid,Technology,Software,130.17092555298507,6378.375352096268
9191,2024-10-10,2074,STK018,SELL,57,4.950177325059141,Retail,Thursday,False,False,Mid,Technology,Software,141.13652102191733,8044.781698249288
2361,2023-06-20,748,STK006,BUY,457,6.124683390894205,Retail,Tuesday,False,False,High,Energy,Oil & Gas,125.9875517477604,57576.311148726505
1148,2023-03-22,4747,STK018,SELL,30,5.271613983713487,Retail,Wednesday,False,False,Mid,Technology,Software,166.29790854231223,4988.937256269367
5666,2024-01-31,193,STK010,SELL,61,5.532400857900581,Retail,Wednesday,False,False,High,Consumer,Retail,221.40333002957763,13505.603131804237
8075,2024-07-24,2707,STK006,SELL,115,5.29901712166231,Retail,Wednesday,False,False,High,Energy,Oil & Gas,41.86413342143192,4814.375343464672
4943,2023-12-19,182,STK006,BUY,390,5.699941775270263,Retail,Tuesday,False,False,High,Energy,Oil & Gas,96.80866955009398,37755.38112453665
3663,2023-09-21,3588,STK012,BUY,421,5.181614996761894,Retail,Thursday,False,False,High,Technology,Hardware,11.873836434234452,4998.885138812704
1563,2023-04-21,4023,STK006,SELL,1330,5.673013940984565,Retail,Friday,False,False,High,Energy,Oil & Gas,124.67818590108472,165821.98724844266
4113,2023-10-26,1513,STK009,SELL,254,5.187329938358409,Retail,Thursday,False,False,High,Technology,Hardware,347.914963417401,88370.40070801985
9050,2024-10-02,363,STK008,BUY,99,5.790204789293776,Retail,Wednesday,False,False,High,Energy,Oil & Gas,133.75367702554033,13241.614025528492
9276,2024-10-17,3842,STK006,BUY,125,4.56954300834494,Retail,Thursday,False,False,High,Energy,Oil & Gas,44.502217705526085,5562.77721319076
8538,2024-08-28,4747,STK008,BUY,88,5.310344746760755,Retail,Wednesday,False,False,High,Energy,Oil & Gas,135.21866666798613,11899.24266678278
795,2023-02-24,4955,STK012,SELL,592,5.352047688969004,Retail,Friday,False,False,High,Technology,Hardware,23.959445690855773,14183.991848986618
5854,2024-02-13,3425,STK016,BUY,119,5.811140992976701,Retail,Tuesday,False,False,Low,Energy,Renewables,92.51286514567606,11009.030952335452
7619,2024-06-20,4428,STK012,BUY,239,5.476463551931511,Retail,Thursday,False,False,High,Technology,Hardware,8.988084679249313,2148.152238340586
1594,2023-04-25,4747,STK006,BUY,221,5.321838561589383,Retail,Tuesday,False,False,High,Energy,Oil & Gas,116.75269280076355,25802.345108968744
7418,2024-06-06,4519,STK006,BUY,1623,5.369800468169901,Institutional,Thursday,False,False,High,Energy,Oil & Gas,53.76205996106853,87255.82331681422
5267,2024-01-05,4747,STK020,BUY,47,5.32222918659435,Retail,Friday,False,False,Mid,Energy,Oil & Gas,49.68642393880612,2335.2619251238875
7147,2024-05-17,1513,STK009,SELL,27,5.226713947688344,Retail,Friday,False,False,High,Technology,Hardware,447.7957118796935,12090.484220751723
89,2023-01-05,2096,STK018,BUY,33,3.49650756146648,Institutional,Thursday,False,False,Mid,Technology,Software,104.3115904006844,3442.282483222585
8695,2024-09-09,4747,STK009,SELL,746,5.312713246831769,Retail,Monday,False,False,High,Technology,Hardware,423.967565506292,316279.8038676938
9732,2024-11-21,4519,STK006,SELL,88,5.360164769874117,Institutional,Thursday,False,False,High,Energy,Oil & Gas,54.84852888567318,4826.67054193924
9446,2024-10-29,4493,STK012,SELL,58,4.75074130930731,Retail,Tuesday,False,False,High,Technology,Hardware,6.784976067293166,393.5286119030037
6754,2024-04-19,3322,STK006,BUY,115,5.333684510385328,Retail,Friday,False,False,High,Energy,Oil & Gas,56.59011847595578,6507.863624734914
3502,2023-09-11,4519,STK013,SELL,57,5.325202695329419,Institutional,Monday,False,False,Mid,Energy,Utilities,133.2496676200428,7595.231054342439
2234,2023-06-09,3938,STK020,BUY,194,5.137326680455911,Retail,Friday,False,False,Mid,Energy,Oil & Gas,74.92883273011992,14536.193549643263
2803,2023-07-24,4700,STK018,BUY,77,5.049856007249537,Institutional,Monday,False,False,Mid,Technology,Software,193.9516139083872,14934.274270945814
4424,2023-11-16,4955,STK009,BUY,54,5.334263493321505,Retail,Thursday,False,False,High,Technology,Hardware,316.2817767667675,17079.215945405445
5663,2024-01-31,4747,STK009,BUY,59,5.307029307150058,Retail,Wednesday,False,False,High,Technology,Hardware,388.2540384831063,22906.988270503272
7170,2024-05-20,4955,STK018,BUY,22,5.315567719954564,Retail,Monday,False,False,Mid,Technology,Software,143.09915855926982,3148.181488303936
8337,2024-08-13,3588,STK013,SELL,138,5.215479088239032,Retail,Tuesday,False,False,Mid,Energy,Utilities,118.65475459186769,16374.35613367774
2148,2023-06-05,3339,STK012,SELL,259,5.634789603169249,Retail,Monday,False,False,High,Technology,Hardware,20.054831877692823,5194.201456322441
7969,2024-07-16,3938,STK010,BUY,278,5.329476828797139,Retail,Tuesday,False,False,High,Consumer,Retail,206.07789758336088,57289.65552817433
6551,2024-04-04,1196,STK003,BUY,68,3.688879454113936,Retail,Thursday,False,False,Low,Technology,Software,21.310557700928463,1449.1179236631356
7643,2024-06-21,231,STK009,BUY,220,4.900299459074922,Retail,Friday,False,False,High,Technology,Hardware,593.7029038536452,130614.63884780197
6164,2024-03-07,4955,STK010,BUY,101,5.334167019441734,Retail,Thursday,False,False,High,Consumer,Retail,254.91618782576845,25746.53497040261
1495,2023-04-17,4747,STK009,SELL,210,5.3282159168939,Retail,Monday,False,False,High,Technology,Hardware,377.4543883637391,79265.4215563852
7696,2024-06-26,3547,STK006,BUY,83,4.418840607796598,Retail,Wednesday,False,False,High,Energy,Oil & Gas,47.09168777795215,3908.610085570029
7094,2024-05-14,4955,STK013,BUY,93,5.320763555377867,Retail,Tuesday,False,False,Mid,Energy,Utilities,129.32791208328146,12027.495823745176
1409,2023-04-11,3853,STK012,BUY,70,4.994980054485683,Retail,Tuesday,False,True,High,Technology,Hardware,21.12794418014734,1478.9560926103138
6691,2024-04-15,4747,STK008,BUY,426,5.312023013604149,Retail,Monday,False,False,High,Energy,Oil & Gas,131.01893396093664,55814.06586735901
3401,2023-09-04,4747,STK018,SELL,159,5.283457503641013,Retail,Monday,False,False,Mid,Technology,Software,200.7903175346954,31925.66048801657
109,2023-01-06,1157,STK014,BUY,31,5.330300412401088,Retail,Friday,False,False,Low,Healthcare,Pharmaceuticals,112.1317958369126,3476.0856709442905
5636,2024-01-30,1513,STK006,BUY,126,5.190787833605371,Retail,Tuesday,False,False,High,Energy,Oil & Gas,139.46830304638075,17573.006183843976
8482,2024-08-23,4747,STK012,BUY,414,5.311480353074318,Retail,Friday,False,False,High,Technology,Hardware,8.446920105558446,3497.0249237011967
6604,2024-04-08,653,STK012,BUY,191,5.313205979041787,Retail,Monday,False,True,High,Technology,Hardware,14.428907406320176,2755.921314607154
1091,2023-03-20,2461,STK006,SELL,24,4.287028906051602,Retail,Monday,False,False,High,Energy,Oil & Gas,133.93675541599254,3214.482129983821
5560,2024-01-24,4747,STK013,SELL,27,5.309108927626236,Retail,Wednesday,False,False,Mid,Energy,Utilities,125.56683474203008,3390.304538034812
9412,2024-10-25,3668,STK008,SELL,9,5.437296393829488,Retail,Friday,False,False,High,Energy,Oil & Gas,137.80488896017405,1240.2440006415666
8143,2024-07-30,495,STK009,BUY,273,5.60947179518496,Retail,Tuesday,False,False,High,Technology,Hardware,457.2522333352585,124829.85970052556
8664,2024-09-06,4747,STK006,SELL,136,5.3087131427301575,Retail,Friday,False,False,High,Energy,Oil & Gas,43.42590138518135,5905.922588384663
6596,2024-04-08,4955,STK006,BUY,218,5.323302619241945,Retail,Monday,False,True,High,Energy,Oil & Gas,62.90831599705839,13714.01288735873
624,2023-02-10,3588,STK013,SELL,56,5.198220750009751,Retail,Friday,False,False,Mid,Energy,Utilities,160.81340539504157,9005.550702122327
6871,2024-04-29,4747,STK006,SELL,111,5.314387546725532,Retail,Monday,False,False,High,Energy,Oil & Gas,63.30213504416613,7026.53698990244
4814,2023-12-11,845,STK012,BUY,248,5.186603376918035,Retail,Monday,False,False,High,Technology,Hardware,13.000304668133309,3224.0755576970605
6553,2024-04-04,1513,STK006,BUY,31,5.200759662953232,Retail,Thursday,False,False,High,Energy,Oil & Gas,60.79339901886673,1884.5953695848689
7530,2024-06-13,4716,STK018,SELL,296,5.461073767847151,Retail,Thursday,False,False,Mid,Technology,Software,106.5234758587614,31530.94885419337
5796,2024-02-08,3812,STK013,BUY,81,5.317531585471841,Institutional,Thursday,False,False,Mid,Energy,Utilities,128.8374222361533,10435.831201128416
7437,2024-06-06,3654,STK018,BUY,46,3.828641396489095,Retail,Thursday,False,False,Mid,Technology,Software,109.55489591784178,5039.525212220722
4218,2023-11-02,845,STK006,BUY,166,5.139321635057579,Retail,Thursday,False,False,High,Energy,Oil & Gas,89.89145924326947,14921.98223438273
5941,2024-02-21,3938,STK007,SELL,74,5.32768197517794,Retail,Wednesday,False,False,Mid,Energy,Oil & Gas,151.66513766985614,11223.220187569354
8501,2024-08-26,4747,STK012,SELL,332,5.310394147773486,Retail,Monday,False,False,High,Technology,Hardware,8.2594774411063,2742.146510447292
6429,2024-03-27,192,STK006,SELL,119,5.9059883547555305,Retail,Wednesday,False,False,High,Energy,Oil & Gas,65.81818033399514,7832.363459745422
6827,2024-04-24,2281,STK006,BUY,34,4.430816798843313,Retail,Wednesday,False,False,High,Energy,Oil & Gas,57.22819213691543,1945.7585326551248
4131,2023-10-27,4955,STK006,SELL,83,5.349580660485579,Retail,Friday,False,False,High,Energy,Oil & Gas,90.8216245774025,7538.194839924407
7802,2024-07-04,3588,STK006,SELL,457,5.211615032708743,Retail,Thursday,False,False,High,Energy,Oil & Gas,46.69826070606274,21341.105142670676
7754,2024-07-01,3914,STK011,BUY,160,5.2119966600815095,Retail,Monday,False,False,Mid,Finance,Asset Management,80.98031632768142,12956.850612429029
4722,2023-12-05,4747,STK012,BUY,1204,5.333346615467431,Retail,Tuesday,False,False,High,Technology,Hardware,13.19744303193345,15889.721410447872
1651,2023-04-28,4955,STK009,SELL,57,5.37671256397541,Retail,Friday,False,False,High,Technology,Hardware,342.6593081251405,19531.580563133008
4141,2023-10-27,3588,STK010,BUY,270,5.186267862739414,Retail,Friday,False,False,High,Consumer,Retail,139.49788358178156,37664.42856708102
1618,2023-04-26,1816,STK009,BUY,118,4.68213122712422,Retail,Wednesday,False,False,High,Technology,Hardware,308.6499743292068,36420.6969708464
2030,2023-05-26,1157,STK019,BUY,27,5.177617581310252,Retail,Friday,False,False,Mid,Energy,Oil & Gas,56.153765944930605,1516.1516805131264
8518,2024-08-27,3588,STK012,SELL,470,5.223432169356247,Retail,Tuesday,False,False,High,Technology,Hardware,7.997936079027112,3759.029957142743
4576,2023-11-27,4050,STK009,BUY,454,6.118097198041348,Retail,Monday,False,False,High,Technology,Hardware,365.7403846257921,166046.1346201096
3993,2023-10-18,3420,STK009,BUY,398,5.777652323222656,Retail,Wednesday,False,False,High,Technology,Hardware,331.30294804748434,131858.57332289877
7377,2024-06-04,1157,STK010,SELL,589,5.287711320760812,Retail,Tuesday,False,False,High,Consumer,Retail,271.5571052651359,159947.13500116504
6150,2024-03-06,2855,STK018,BUY,150,4.457250055911469,Retail,Wednesday,False,False,Mid,Technology,Software,150.38902365378954,22558.35354806843
4909,2023-12-15,1816,STK012,BUY,406,5.1494112432934855,Retail,Friday,False,False,High,Technology,Hardware,13.037843075724648,5293.364288744207
5027,2023-12-22,193,STK012,BUY,290,5.578634887136764,Retail,Friday,False,False,High,Technology,Hardware,11.864173441568706,3440.610298054925
8261,2024-08-07,1513,STK011,BUY,142,5.265122461690396,Retail,Wednesday,False,False,Mid,Finance,Asset Management,93.65038855227596,13298.355174423186
4732,2023-12-06,1438,STK006,BUY,189,5.528635121610247,Retail,Wednesday,False,False,High,Energy,Oil & Gas,99.0453047126215,18719.562590685466
7549,2024-06-17,4747,STK006,BUY,26,5.308515191524482,Retail,Monday,False,False,High,Energy,Oil & Gas,54.43426513282083,1415.2908934533416
8135,2024-07-29,1270,STK009,BUY,147,4.990432586778736,Retail,Monday,False,True,High,Technology,Hardware,377.4543883637391,55485.79508946965
1607,2023-04-25,4023,STK012,SELL,219,5.603262078550646,Retail,Tuesday,False,False,High,Technology,Hardware,19.210494246983554,4207.098240089398
4774,2023-12-07,2918,STK013,BUY,51,3.9318256327243257,Retail,Thursday,False,False,Mid,Energy,Utilities,126.76895081582911,6465.216491607285
8110,2024-07-25,878,STK019,BUY,89,4.48863636973214,Retail,Thursday,False,False,Mid,Energy,Oil & Gas,45.97413933151209,4091.698400504576
6952,2024-05-03,1897,STK011,BUY,99,4.59511985013459,Retail,Friday,False,False,Mid,Finance,Asset Management,75.49509767292678,7474.014669619751
6005,2024-02-26,1513,STK012,BUY,83,5.204830523454572,Retail,Monday,False,False,High,Technology,Hardware,10.5317408274918,874.1344886818194
7729,2024-06-28,747,STK009,BUY,68,4.219507705176107,Retail,Friday,False,False,High,Technology,Hardware,491.5426732121791,33424.90177842818
3542,2023-09-13,845,STK006,SELL,21,5.148308099221328,Retail,Wednesday,False,False,High,Energy,Oil & Gas,117.24193734547596,2462.080684254995
389,2023-01-25,4747,STK013,SELL,44,5.103761272085739,Retail,Wednesday,False,False,Mid,Energy,Utilities,169.44617634652982,7455.631759247312
1795,2023-05-10,4747,STK019,SELL,47,5.271819375241808,Retail,Wednesday,False,False,Mid,Energy,Oil & Gas,45.97413933151209,2160.7845485810685
8732,2024-09-11,3588,STK009,BUY,47,5.2191659282426,Retail,Wednesday,False,False,High,Technology,Hardware,482.5753031502094,22681.03924805984
4920,2023-12-18,4132,STK009,BUY,1674,7.023758954738443,Retail,Monday,False,False,High,Technology,Hardware,389.372690960446,651809.8846677865
5538,2024-01-23,4747,STK018,BUY,72,5.312072331780373,Retail,Tuesday,False,False,Mid,Technology,Software,192.26577432381487,13843.13575131467
3873,2023-10-09,1472,STK006,BUY,1361,6.563389973891583,Retail,Monday,False,False,High,Energy,Oil & Gas,103.43007323106778,140768.32966748325
8869,2024-09-19,4747,STK012,BUY,302,5.30985060236171,Retail,Thursday,False,False,High,Technology,Hardware,7.071979948404233,2135.7379444180783
2255,2023-06-13,4703,STK003,BUY,20,4.910814958814044,Retail,Tuesday,False,False,Low,Technology,Software,15.63658739685404,312.7317479370808
3413,2023-09-05,4747,STK013,SELL,18,5.29461050461671,Retail,Tuesday,False,False,Mid,Energy,Utilities,131.12153675585583,2360.187661605405
5460,2024-01-18,742,STK013,BUY,44,3.784189633918261,Retail,Thursday,False,False,Mid,Energy,Utilities,126.07495225573344,5547.297899252271
4956,2023-12-19,1363,STK013,BUY,200,5.010635294096256,Institutional,Tuesday,False,False,Mid,Energy,Utilities,128.37479585870662,25674.959171741324
7397,2024-06-05,4955,STK007,BUY,277,5.331752142634274,Retail,Wednesday,False,False,Mid,Energy,Oil & Gas,127.83610994635066,35410.60245513913
5415,2024-01-16,4747,STK018,SELL,58,5.319491601779443,Retail,Tuesday,False,False,Mid,Technology,Software,194.06869502340507,11255.984311357492
7400,2024-06-05,4955,STK009,BUY,522,5.3340222911688135,Retail,Wednesday,False,False,High,Technology,Hardware,561.4045459834559,293053.173003364
7415,2024-06-06,4747,STK006,BUY,523,5.316402834094422,Retail,Thursday,False,False,High,Energy,Oil & Gas,53.76205996106853,28117.55735963884
9101,2024-10-04,2761,STK018,BUY,93,4.532599493153256,Institutional,Friday,False,False,Mid,Technology,Software,143.86469172269733,13379.416330210852
4852,2023-12-13,1157,STK008,BUY,348,5.227572962022279,Retail,Wednesday,False,False,High,Energy,Oil & Gas,157.98773037356827,54979.73017000176
2026,2023-05-26,193,STK018,SELL,33,5.273922209713315,Retail,Friday,False,False,Mid,Technology,Software,192.7217487946912,6359.817710224809
2616,2023-07-10,2290,STK012,BUY,342,5.834810737062605,Retail,Monday,False,False,High,Technology,Hardware,18.8005651397711,6429.793277801716
7389,2024-06-05,4747,STK006,BUY,198,5.313008915291026,Retail,Wednesday,False,False,High,Energy,Oil & Gas,48.95643664828199,9693.374456359834
2927,2023-08-01,4980,STK013,BUY,60,4.1067670822206574,Retail,Tuesday,False,False,Mid,Energy,Utilities,144.6483850766969,8678.903104601815
1122,2023-03-21,3588,STK006,SELL,85,5.2049403170427375,Retail,Tuesday,False,False,High,Energy,Oil & Gas,133.57086566747307,11353.523581735211
2911,2023-07-31,1094,STK019,BUY,97,5.508051410952312,Retail,Monday,False,False,Mid,Energy,Oil & Gas,45.97413933151209,4459.491515156673
8147,2024-07-30,2426,STK018,BUY,76,5.243068892317559,Retail,Tuesday,False,False,Mid,Technology,Software,109.06476142549018,8288.921868337253
7384,2024-06-04,3588,STK013,SELL,75,5.222191976158546,Retail,Tuesday,False,False,Mid,Energy,Utilities,122.97577574236954,9223.183180677715
3483,2023-09-08,3588,STK013,SELL,52,5.190453720672092,Retail,Friday,False,False,Mid,Energy,Utilities,132.26227452097788,6877.63827509085
796,2023-02-24,1036,STK012,BUY,123,4.812184355372417,Retail,Friday,False,False,High,Technology,Hardware,23.959445690855773,2947.01181997526
1576,2023-04-24,4955,STK010,SELL,224,5.394081988532416,Retail,Monday,False,False,High,Consumer,Retail,132.44729012564795,29668.192988145143
6177,2024-03-08,4747,STK009,BUY,97,5.304945352838257,Retail,Friday,False,False,High,Technology,Hardware,444.7161387954949,43137.46546316301
6267,2024-03-14,4066,STK013,SELL,34,3.5263605246161616,Retail,Thursday,False,False,Mid,Energy,Utilities,117.8544025995568,4007.0496883849314
2459,2023-06-28,3588,STK009,BUY,129,5.121162439705441,Retail,Wednesday,False,False,High,Technology,Hardware,335.38163383116705,43264.23076422055
3313,2023-08-29,2409,STK009,BUY,1353,7.210079628170788,Retail,Tuesday,False,True,High,Technology,Hardware,317.4763700755978,429545.5287122838
1254,2023-03-30,2470,STK017,BUY,341,5.831882477283517,Retail,Thursday,False,False,Mid,Healthcare,Pharmaceuticals,186.9932652824406,63764.703461312245
6835,2024-04-25,1865,STK006,BUY,172,5.010635294096256,Retail,Thursday,False,False,High,Energy,Oil & Gas,56.07652798006525,9645.162812571223
8795,2024-09-16,3588,STK006,BUY,56,5.217161539587027,Retail,Monday,False,False,High,Energy,Oil & Gas,45.69477335101958,2558.907307657096
3838,2023-10-05,1927,STK006,BUY,243,5.084505142662711,Retail,Thursday,False,False,High,Energy,Oil & Gas,115.11208304528223,27972.236180003583
4399,2023-11-15,193,STK006,BUY,437,5.614222397943558,Retail,Wednesday,False,False,High,Energy,Oil & Gas,84.40790565691069,36886.25477206997
3596,2023-09-18,4747,STK010,BUY,650,5.302458779048587,Retail,Monday,False,False,High,Consumer,Retail,124.81983684359771,81132.89394833852
6622,2024-04-09,193,STK012,BUY,654,5.53153005353903,Retail,Tuesday,False,False,High,Technology,Hardware,14.25035792072841,9319.73408015638
8383,2024-08-16,182,STK012,BUY,237,5.55570774325743,Retail,Friday,False,False,High,Technology,Hardware,8.370023763509284,1983.6956319517003
2125,2023-06-02,4747,STK006,BUY,66,5.288469030493222,Retail,Friday,False,False,High,Energy,Oil & Gas,120.11089840118608,7927.319294478281
3239,2023-08-23,193,STK020,BUY,12,5.429477199246059,Retail,Wednesday,False,False,Mid,Energy,Oil & Gas,76.41922892651486,917.0307471181784
5404,2024-01-16,3938,STK008,BUY,103,5.300465058605496,Retail,Tuesday,False,False,High,Energy,Oil & Gas,154.90481066987968,15955.195498997608
5999,2024-02-26,1513,STK006,BUY,292,5.206969327088731,Retail,Monday,False,False,High,Energy,Oil & Gas,83.14455451882927,24278.209919498146
5939,2024-02-21,3078,STK006,BUY,425,6.052089168924417,Retail,Wednesday,False,False,High,Energy,Oil & Gas,94.23074102129948,40048.06493405228
2046,2023-05-29,921,STK018,BUY,92,4.5217885770490405,Retail,Monday,False,False,Mid,Technology,Software,189.70988327361604,17453.309261172675
1579,2023-04-24,193,STK012,BUY,174,5.301711599616052,Retail,Monday,False,False,High,Technology,Hardware,19.13333678018726,3329.2005997525835
15,2023-01-02,511,STK010,BUY,279,5.631211781821365,Retail,Monday,False,False,High,Consumer,Retail,143.4826952916133,40031.67198636011
2674,2023-07-13,474,STK013,BUY,114,5.445357109197351,Retail,Thursday,False,False,Mid,Energy,Utilities,144.86703051427543,16514.841478627397
7017,2024-05-08,3938,STK012,BUY,146,5.316451936743519,Retail,Wednesday,False,False,High,Technology,Hardware,10.528474342076446,1537.157253943161
8721,2024-09-10,4955,STK019,SELL,37,5.325251367788118,Retail,Tuesday,False,False,Mid,Energy,Oil & Gas,45.97413933151209,1701.0431552659477
8850,2024-09-18,2101,STK012,BUY,36,3.58351893845611,Institutional,Wednesday,False,False,High,Technology,Hardware,12.273065736691828,441.8303665209058
4813,2023-12-11,3583,STK012,BUY,22,3.091042453358316,Retail,Monday,False,False,High,Technology,Hardware,13.000304668133309,286.0067026989328
1085,2023-03-17,4747,STK020,BUY,25,5.249757175932659,Retail,Friday,False,False,Mid,Energy,Oil & Gas,71.36957831717483,1784.2394579293707
4984,2023-12-20,4747,STK018,BUY,107,5.334263493321505,Retail,Wednesday,False,False,Mid,Technology,Software,227.63083628414643,24356.49948240367
7156,2024-05-20,4747,STK006,SELL,309,5.314190715704327,Retail,Monday,False,False,High,Energy,Oil & Gas,42.78284552315045,13219.899266653489
2885,2023-07-28,1469,STK009,BUY,852,6.747586526829315,Retail,Friday,False,False,High,Technology,Hardware,352.1887778160423,300064.83869926806
334,2023-01-23,3772,STK006,BUY,237,5.178970608915471,Retail,Monday,False,False,High,Energy,Oil & Gas,136.0285466968156,32238.765567145296
7205,2024-05-22,3588,STK012,SELL,136,5.226552800318726,Retail,Wednesday,False,False,High,Technology,Hardware,10.274970056771627,1397.3959277209412
4368,2023-11-13,4747,STK009,BUY,75,5.300714491147758,Retail,Monday,False,True,High,Technology,Hardware,327.0291694043586,24527.18770532689
3080,2023-08-14,3994,STK003,BUY,32,3.4657359027997265,Retail,Monday,False,False,Low,Technology,Software,17.577914922159042,562.4932775090894
7204,2024-05-22,4304,STK012,BUY,294,5.683579767338681,Retail,Wednesday,False,False,High,Technology,Hardware,10.274970056771627,3020.8411966908584
9910,2024-12-02,653,STK006,SELL,76,5.358941988364472,Retail,Monday,False,False,High,Energy,Oil & Gas,50.51023310955865,3838.777716326457
8865,2024-09-19,2926,STK010,BUY,786,6.666956792429207,Retail,Thursday,False,False,High,Consumer,Retail,294.53999325907023,231508.4347016292
264,2023-01-18,4747,STK010,BUY,82,5.26543253921226,Retail,Wednesday,False,False,High,Consumer,Retail,158.8955053720495,13029.43144050806
4338,2023-11-10,1513,STK006,BUY,211,5.197833827969714,Retail,Friday,False,False,High,Energy,Oil & Gas,84.21947399285166,17770.3090124917
8896,2024-09-23,3668,STK008,BUY,97,5.529032183358565,Retail,Monday,False,False,High,Energy,Oil & Gas,128.13058957144327,12428.667188429998
8448,2024-08-21,3394,STK011,BUY,83,4.844974178195408,Institutional,Wednesday,False,False,Mid,Finance,Asset Management,82.05515756227463,6810.578077668794
5904,2024-02-16,1513,STK018,SELL,33,5.203017186693712,Retail,Friday,False,False,Mid,Technology,Software,154.25444921919828,5090.396824233543
1499,2023-04-17,4747,STK012,SELL,310,5.326661839557179,Retail,Monday,False,False,High,Technology,Hardware,21.88494831756148,6784.333978444059
4191,2023-10-31,2779,STK013,BUY,478,5.223701573167247,Retail,Tuesday,False,False,Mid,Energy,Utilities,127.81623415822162,61096.15992762993
7486,2024-06-11,4747,STK006,BUY,92,5.310196529078114,Retail,Tuesday,False,False,High,Energy,Oil & Gas,51.30635193821685,4720.18437831595
9644,2024-11-13,4747,STK019,BUY,40,5.319197844127392,Retail,Wednesday,False,True,Mid,Energy,Oil & Gas,41.073866787130434,1642.9546714852174
8311,2024-08-12,593,STK006,BUY,174,5.159055299214529,Retail,Monday,False,False,High,Energy,Oil & Gas,41.778649891110895,7269.485081053295
7591,2024-06-19,2461,STK013,BUY,107,4.883180638743141,Retail,Wednesday,False,False,Mid,Energy,Utilities,117.98555537153705,12624.454424754464
501,2023-02-02,637,STK006,BUY,118,4.61512051684126,Retail,Thursday,False,False,High,Energy,Oil & Gas,135.17732682089374,15950.92456486546
9156,2024-10-09,680,STK005,BUY,87,4.465908118654584,Retail,Wednesday,False,False,Low,Energy,Renewables,138.16167600020557,12020.065812017883
9415,2024-10-25,366,STK009,SELL,35,5.538318034928669,Retail,Friday,False,False,High,Technology,Hardware,447.1893131929865,15651.625961754527
3096,2023-08-14,4716,STK014,BUY,97,5.416589171626073,Retail,Monday,False,False,Low,Healthcare,Pharmaceuticals,72.98453375241613,7079.499773984364
4632,2023-11-29,4747,STK013,BUY,170,5.304647290242906,Retail,Wednesday,False,False,Mid,Energy,Utilities,126.49018391673398,21503.331265844776
368,2023-01-24,4700,STK012,BUY,295,5.465948207931988,Institutional,Tuesday,False,False,High,Technology,Hardware,27.594804913833148,8140.467449580778
4059,2023-10-23,4747,STK018,BUY,77,5.314338342602215,Retail,Monday,False,False,Mid,Technology,Software,198.1882779079352,15260.497398911011
8175,2024-08-01,4747,STK012,BUY,290,5.303404405596594,Retail,Thursday,False,False,High,Technology,Hardware,8.653473470089963,2509.5073063260893
4631,2023-11-29,3498,STK013,BUY,114,5.312713246831769,Retail,Wednesday,False,False,Mid,Energy,Utilities,126.49018391673398,14419.880966507671
6071,2024-03-01,3588,STK009,SELL,496,5.208502062225673,Retail,Friday,False,False,High,Technology,Hardware,446.785053255141,221605.38641454995
2665,2023-07-13,296,STK006,BUY,319,5.765191102784844,Institutional,Thursday,False,False,High,Energy,Oil & Gas,97.90055958635791,31230.278508048174
1027,2023-03-14,193,STK018,BUY,214,5.294359544693693,Retail,Tuesday,False,False,Mid,Technology,Software,150.18988889338382,32140.636223184138
5909,2024-02-16,4955,STK020,SELL,120,5.350055561952451,Retail,Friday,False,False,Mid,Energy,Oil & Gas,49.9130996358972,5989.571956307664
5051,2023-12-25,3938,STK013,BUY,14,5.304945352838257,Retail,Monday,False,False,Mid,Energy,Utilities,129.15214034177714,1808.12996478488
6329,2024-03-19,4023,STK013,BUY,63,5.228752903162127,Retail,Tuesday,False,False,Mid,Energy,Utilities,118.38485347814434,7458.245769123093
9734,2024-11-21,193,STK006,BUY,428,5.499051696349117,Retail,Thursday,False,False,High,Energy,Oil & Gas,54.84852888567318,23475.17036306812
1692,2023-05-02,1816,STK006,BUY,371,4.857017805430656,Retail,Tuesday,False,False,High,Energy,Oil & Gas,111.9611597559192,41537.59026944602
674,2023-02-15,98,STK013,BUY,191,4.700480365792417,Retail,Wednesday,False,False,Mid,Energy,Utilities,159.17614878271564,30402.644417498686
5573,2024-01-25,4747,STK006,SELL,377,5.307970623576175,Retail,Thursday,False,False,High,Energy,Oil & Gas,138.70633009168134,52292.28644456386
5767,2024-02-07,2871,STK006,BUY,407,4.945847853091816,Retail,Wednesday,False,False,High,Energy,Oil & Gas,119.81742854559464,48765.69341805702
5157,2024-01-01,1157,STK009,SELL,244,5.264863990288817,Retail,Monday,False,False,High,Technology,Hardware,397.8726484613512,97080.9262245697
734,2023-02-21,4875,STK012,BUY,218,5.384495062789089,Retail,Tuesday,False,False,High,Technology,Hardware,25.794801897532786,5623.266813662147
3527,2023-09-12,4990,STK013,BUY,40,4.672828834461906,Retail,Tuesday,False,False,Mid,Energy,Utilities,130.91036832302623,5236.414732921049
569,2023-02-07,3588,STK017,SELL,98,5.144291678908929,Retail,Tuesday,False,False,Mid,Healthcare,Pharmaceuticals,184.347042339306,18066.01014925199
9188,2024-10-10,1513,STK018,BUY,19,5.283660477204403,Retail,Thursday,False,False,Mid,Technology,Software,141.13652102191733,2681.5938994164294
2923,2023-08-01,2890,STK012,BUY,245,5.081404364984463,Retail,Tuesday,False,False,High,Technology,Hardware,15.899844463529972,3895.461893564843
7912,2024-07-11,4955,STK019,SELL,68,5.3282159168939,Retail,Thursday,False,False,Mid,Energy,Oil & Gas,45.97413933151209,3126.2414745428223
1559,2023-04-20,4747,STK020,BUY,101,5.30697973962669,Retail,Thursday,False,False,Mid,Energy,Oil & Gas,70.84376441239502,7155.220205651897
102,2023-01-06,193,STK009,BUY,48,5.314043067009519,Retail,Friday,False,False,High,Technology,Hardware,203.06815451428216,9747.271416685544
3008,2023-08-08,3851,STK005,BUY,41,4.624972813284271,Retail,Tuesday,False,False,Low,Energy,Renewables,70.50982995173983,2890.9030280213333
7202,2024-05-22,4747,STK012,BUY,118,5.312516085947849,Retail,Wednesday,False,False,High,Technology,Hardware,10.274970056771627,1212.446466699052
304,2023-01-20,227,STK006,BUY,170,5.276071757600717,Retail,Friday,False,False,High,Energy,Oil & Gas,135.24050002959046,22990.885005030377
77,2023-01-05,3849,STK006,BUY,146,4.983606621708336,Retail,Thursday,False,False,High,Energy,Oil & Gas,127.53432227053275,18620.011051497782
6755,2024-04-19,4747,STK006,SELL,70,5.311480353074318,Retail,Friday,False,False,High,Energy,Oil & Gas,56.59011847595578,3961.308293316904
8630,2024-09-04,4955,STK006,SELL,1134,5.32544603393629,Retail,Wednesday,False,False,High,Energy,Oil & Gas,43.563461249492846,49400.96505692488
1209,2023-03-28,4987,STK010,BUY,27,3.8501476017100575,Retail,Tuesday,False,False,High,Consumer,Retail,159.48178564732564,4306.008212477792
7743,2024-07-01,265,STK006,BUY,159,7.203777475708919,Retail,Monday,False,False,High,Energy,Oil & Gas,54.37250063952418,8645.227601684344
8215,2024-08-05,3772,STK006,BUY,637,5.472270673671475,Retail,Monday,False,False,High,Energy,Oil & Gas,45.24372056710042,28820.250001242966
8945,2024-09-25,4747,STK013,SELL,79,5.311480353074318,Retail,Wednesday,False,False,Mid,Energy,Utilities,101.00268057537085,7979.211765454297
8414,2024-08-20,4023,STK006,BUY,157,5.158250377650918,Retail,Tuesday,False,False,High,Energy,Oil & Gas,44.80668967646197,7034.650279204529
1776,2023-05-09,1513,STK006,BUY,59,5.44375880219821,Retail,Tuesday,False,False,High,Energy,Oil & Gas,127.54969323116067,7525.431900638479
3474,2023-09-08,139,STK010,BUY,282,5.22305488204749,Retail,Friday,False,False,High,Consumer,Retail,126.938868201376,35796.76083278803
484,2023-02-01,4747,STK010,BUY,126,5.063796842210488,Retail,Wednesday,False,False,High,Consumer,Retail,183.5031783968656,23121.400478005064
2190,2023-06-07,2183,STK016,BUY,30,3.4011973816621555,Retail,Wednesday,False,False,Low,Energy,Renewables,66.18415027331744,1985.5245081995236
347,2023-01-23,1113,STK012,BUY,32,3.4657359027997265,Retail,Monday,False,False,High,Technology,Hardware,27.21758737681472,870.962796058071
5482,2024-01-19,2475,STK013,BUY,104,4.579852378003801,Retail,Friday,False,False,Mid,Energy,Utilities,124.58603810785132,12956.947963216538
8362,2024-08-15,845,STK012,SELL,189,5.241376576085226,Retail,Thursday,False,False,High,Technology,Hardware,8.862304168854372,1674.9754879134764
1473,2023-04-14,193,STK012,SELL,157,5.244072351695641,Retail,Friday,False,False,High,Technology,Hardware,22.38241447294786,3514.039072252814
5101,2023-12-28,3187,STK006,BUY,386,5.955837369464831,Retail,Thursday,False,False,High,Energy,Oil & Gas,105.37413958183411,40674.41787858797
6766,2024-04-19,4747,STK012,BUY,185,5.311184232254861,Retail,Friday,False,False,High,Technology,Hardware,12.273065736691828,2270.517161287988
8707,2024-09-10,2461,STK008,BUY,208,4.966056250698289,Retail,Tuesday,False,False,High,Energy,Oil & Gas,130.7973726745571,27205.85351630788
4930,2023-12-18,2074,STK012,BUY,314,5.284877454181334,Retail,Monday,False,False,High,Technology,Hardware,13.238444618191828,4156.871610112234
6330,2024-03-19,3588,STK018,SELL,129,5.194566665554109,Retail,Tuesday,False,False,Mid,Technology,Software,138.52029541990544,17869.1181091678
2610,2023-07-10,4519,STK008,SELL,117,5.385687012684944,Institutional,Monday,False,False,High,Energy,Oil & Gas,125.10157067464438,14636.883768933392
4,2023-01-02,4747,STK006,BUY,503,5.27469043591688,Retail,Monday,False,False,High,Energy,Oil & Gas,136.61322857985922,68716.4539756692
2214,2023-06-08,3588,STK019,BUY,28,5.137679020585224,Retail,Thursday,False,False,Mid,Energy,Oil & Gas,54.64764706303674,1530.1341177650288
4828,2023-12-11,4747,STK020,SELL,41,5.333974043756071,Retail,Monday,False,False,Mid,Energy,Oil & Gas,49.14972960237447,2015.1389136973528
857,2023-03-02,1225,STK008,BUY,27,3.295836866004329,Retail,Thursday,False,False,High,Energy,Oil & Gas,125.98137142551516,3401.4970284889096
6978,2024-05-07,4747,STK003,BUY,15,5.315420274447699,Retail,Tuesday,False,False,Low,Technology,Software,19.079019881106444,286.18529821659666
5886,2024-02-15,1157,STK012,SELL,294,5.261964537082238,Retail,Thursday,False,False,High,Technology,Hardware,12.08108013697606,3551.837560270962
625,2023-02-13,1513,STK006,BUY,933,5.293304824724492,Retail,Monday,False,False,High,Energy,Oil & Gas,131.61100797545797,122793.07044110227
291,2023-01-19,4747,STK010,SELL,137,5.203896790928544,Retail,Thursday,False,False,High,Consumer,Retail,160.958139097077,22051.26505629955
2019,2023-05-26,4955,STK012,BUY,23,5.336431698656694,Retail,Friday,False,False,High,Technology,Hardware,18.13751715729628,417.16289461781446
669,2023-02-15,4747,STK012,SELL,69,4.98257869631373,Retail,Wednesday,False,False,High,Technology,Hardware,25.227143230366096,1740.6728828952605
8922,2024-09-24,1513,STK013,BUY,95,5.272178708938342,Retail,Tuesday,False,False,Mid,Energy,Utilities,100.58173191707928,9555.264532122532
8265,2024-08-07,3938,STK012,SELL,314,5.353799376007041,Retail,Wednesday,False,False,High,Technology,Hardware,9.236794736713945,2900.3535473281786
9697,2024-11-19,4955,STK006,SELL,392,5.322570858348741,Retail,Tuesday,False,False,High,Energy,Oil & Gas,51.43787754105335,20163.647996092917
1632,2023-04-27,182,STK009,BUY,676,5.756058619221572,Retail,Thursday,False,False,High,Technology,Hardware,325.7369197509988,220198.1577516752
5171,2024-01-01,3588,STK018,BUY,150,5.178407069875479,Retail,Monday,False,False,Mid,Technology,Software,213.0699985598146,31960.499783972187
7206,2024-05-22,3339,STK012,BUY,192,5.552688230278819,Retail,Wednesday,False,False,High,Technology,Hardware,10.274970056771627,1972.7942509001523
2523,2023-07-03,4747,STK016,BUY,24,5.252221070655064,Retail,Monday,False,False,Low,Energy,Renewables,62.66804326627595,1504.0330383906228
2216,2023-06-08,1513,STK020,SELL,34,5.38091066485189,Retail,Thursday,False,False,Mid,Energy,Oil & Gas,74.01587067547922,2516.5396029662934
6969,2024-05-06,4736,STK012,BUY,66,4.189654742026425,Retail,Monday,False,False,High,Technology,Hardware,10.514221367687474,693.9386102673733
